"Time","Formaldehyde (ppt)"
2019-01-29 23:00:00,1.20903429669658
2019-01-30,1.30404374418792
2019-01-30 01:00:00,1.16635629067397
2019-01-30 02:00:00,1.07274880598952
2019-01-30 03:00:00,1.00252841685282
2019-01-30 04:00:00,1.01092707424005
2019-01-30 05:00:00,1.00171464337016
2019-01-30 06:00:00,1.12753064383926
2019-01-30 07:00:00,1.77622183197275
2019-01-30 08:00:00,2.84510196548697
2019-01-30 09:00:00,3.20379352046802
2019-01-30 10:00:00,2.14640114671721
2019-01-30 11:00:00,1.86199240418188
2019-01-30 12:00:00,2.19548565963074
2019-01-30 13:00:00,1.94386425247835
2019-01-30 14:00:00,1.81287969903097
2019-01-30 15:00:00,2.39567738301367
2019-01-30 16:00:00,2.47479524035324
2019-01-30 17:00:00,2.28686639031151
2019-01-30 18:00:00,2.36691538630787
2019-01-30 19:00:00,3.0249115228059
2019-01-30 20:00:00,2.78026192419142
2019-01-30 21:00:00,3.35254963785546
2019-01-30 22:00:00,3.08778971296102
2019-01-30 23:00:00,2.98364431289505
2019-01-31,2.92671523201422
2019-01-31 01:00:00,2.9248701404171
2019-01-31 02:00:00,2.85418912363658
2019-01-31 03:00:00,3.11285014892594
2019-01-31 04:00:00,2.81532710210289
2019-01-31 05:00:00,2.74521521300416
2019-01-31 06:00:00,2.70358854209201
2019-01-31 07:00:00,3.40351648795733
2019-01-31 08:00:00,3.31062461971071
2019-01-31 09:00:00,3.26915259472253
2019-01-31 10:00:00,2.46997921062205
2019-01-31 11:00:00,3.39100684779993
2019-01-31 12:00:00,3.15880911357706
2019-01-31 13:00:00,2.96202383622886
2019-01-31 14:00:00,4.34954325002343
2019-01-31 15:00:00,4.07211498104266
2019-01-31 16:00:00,4.06023756158971
2019-01-31 17:00:00,3.96377498716091
2019-01-31 18:00:00,3.51754450502287
2019-01-31 19:00:00,3.83317338366084
2019-01-31 20:00:00,3.38201693703825
2019-01-31 21:00:00,2.83654157826137
2019-01-31 22:00:00,2.7618713404688
2019-01-31 23:00:00,2.95192651228435
2019-02-01,2.8078111306436
2019-02-01 01:00:00,2.23468333542963
2019-02-01 02:00:00,2.11371972305689
2019-02-01 03:00:00,1.84433942049568
2019-02-01 04:00:00,1.81983026095396
2019-02-01 05:00:00,1.83420773564015
2019-02-01 06:00:00,1.90710831321993
2019-02-01 08:00:00,2.41942190286379
2019-02-01 09:00:00,2.60211423123549
2019-02-01 10:00:00,2.55662185617014
2019-02-01 11:00:00,3.11289498156799
2019-02-01 15:00:00,3.37736882660748
2019-02-01 16:00:00,3.58418905359693
2019-02-01 17:00:00,3.17530007319323
2019-02-01 18:00:00,3.91767504888921
2019-02-01 19:00:00,3.78650012061333
2019-02-01 20:00:00,3.57248150211723
2019-02-01 21:00:00,4.20490487538734
2019-02-01 22:00:00,3.87260988237415
2019-02-01 23:00:00,3.35804421367371
2019-02-02,3.48902981425311
2019-02-02 01:00:00,3.4428271190546
2019-02-02 02:00:00,3.28489804814006
2019-02-02 03:00:00,2.44043527437881
2019-02-02 04:00:00,1.81742382029682
2019-02-02 05:00:00,2.40234280191
2019-02-02 06:00:00,1.77586809809019
2019-02-02 07:00:00,1.74852504181282
2019-02-02 08:00:00,1.57648363624512
2019-02-02 09:00:00,1.36466825493102
2019-02-02 10:00:00,1.57831143983651
2019-02-02 11:00:00,2.41287538668463
2019-02-02 12:00:00,2.58333572953855
2019-02-02 13:00:00,2.44242409190634
2019-02-02 14:00:00,2.41011563521997
2019-02-02 15:00:00,3.16119204012955
2019-02-02 16:00:00,1.75172819914197
2019-02-02 17:00:00,3.14135399592327
2019-02-02 18:00:00,3.14644325960215
2019-02-02 19:00:00,1.48048629083074
2019-02-02 20:00:00,2.16033873992339
2019-02-02 21:00:00,2.66239859057757
2019-02-02 22:00:00,2.50511876658236
2019-02-02 23:00:00,2.41625009382297
2019-02-03,2.43716610298872
2019-02-03 01:00:00,2.7713562531787
2019-02-03 02:00:00,2.89307869131097
2019-02-03 03:00:00,2.43058488790377
2019-02-03 04:00:00,0.888108076592535
2019-02-03 05:00:00,0.793354287633194
2019-02-03 06:00:00,0.695693684880826
2019-02-03 07:00:00,0.563017493743902
2019-02-03 08:00:00,0.526649342576921
2019-02-03 09:00:00,0.597339090108959
2019-02-03 10:00:00,0.125389195289249
2019-02-03 11:00:00,0.302650488469592
2019-02-03 12:00:00,0.614350580311258
2019-02-03 13:00:00,0.71476979999023
2019-02-03 14:00:00,0.754102683706116
2019-02-03 15:00:00,0.884197292204376
2019-02-03 16:00:00,0.777615848418636
2019-02-03 17:00:00,0.839645371312111
2019-02-03 18:00:00,0.908771868931154
2019-02-03 19:00:00,0.63772478541092
2019-02-03 20:00:00,0.430478456146486
2019-02-03 21:00:00,0.814186793995008
2019-02-03 22:00:00,0.73432097021264
2019-02-03 23:00:00,0.750758920259142
2019-02-04,0.670526828405408
2019-02-04 01:00:00,0.63908327531635
2019-02-04 02:00:00,0.486759815692706
2019-02-04 03:00:00,0.501742626205603
2019-02-04 04:00:00,0.555035914384961
2019-02-04 05:00:00,0.536909124187336
2019-02-04 06:00:00,0.484569426293305
2019-02-04 07:00:00,0.538181018289713
2019-02-04 08:00:00,0.663721265449928
2019-02-04 09:00:00,0.82046740810586
2019-02-04 10:00:00,0.667433522100868
2019-02-04 11:00:00,0.606848761116937
2019-02-04 12:00:00,0.706848283765508
2019-02-04 13:00:00,0.735403448782519
2019-02-04 14:00:00,0.634122227387014
2019-02-04 15:00:00,0.6172038023139
2019-02-04 16:00:00,0.557213204179279
2019-02-04 17:00:00,0.472302135799446
2019-02-04 18:00:00,0.563722216850032
2019-02-04 19:00:00,0.661310324843458
2019-02-04 20:00:00,0.645569583453652
2019-02-04 21:00:00,0.642217887446337
2019-02-04 22:00:00,0.616496544248812
2019-02-04 23:00:00,0.608670549943541
2019-02-05,0.587977391683256
2019-02-05 01:00:00,0.533516006692451
2019-02-05 02:00:00,0.435919966202288
2019-02-05 03:00:00,0.462387296189732
2019-02-05 04:00:00,0.463107181864015
2019-02-05 05:00:00,0.482347538016944
2019-02-05 06:00:00,0.448162594191671
2019-02-05 07:00:00,0.490205963386804
2019-02-05 08:00:00,0.514569705604446
2019-02-05 09:00:00,0.56552708142699
2019-02-05 10:00:00,0.598625265313644
2019-02-05 13:00:00,0.860249507247059
2019-02-05 14:00:00,0.887433867009328
2019-02-05 15:00:00,1.11845923073127
2019-02-05 16:00:00,1.30492704928157
2019-02-05 17:00:00,1.27891479920052
2019-02-05 18:00:00,1.28257332189274
2019-02-05 19:00:00,1.26922624631349
2019-02-05 20:00:00,1.00079420409655
2019-02-05 21:00:00,0.933631555007625
2019-02-05 22:00:00,0.795541165818692
2019-02-05 23:00:00,1.1855062583259
2019-02-06,1.09415216328866
2019-02-06 01:00:00,0.626661080207721
2019-02-06 02:00:00,0.534953044767615
2019-02-06 03:00:00,0.455311087151049
2019-02-06 04:00:00,0.397738782956987
2019-02-06 05:00:00,0.42457219393657
2019-02-06 06:00:00,0.386320769523694
2019-02-06 07:00:00,0.425165426407277
2019-02-06 08:00:00,0.443136638463483
2019-02-06 09:00:00,0.441065639604289
2019-02-06 10:00:00,0.44233617191258
2019-02-06 11:00:00,0.489729292061221
2019-02-06 12:00:00,0.545728578249252
2019-02-06 13:00:00,0.584649565747353
2019-02-06 14:00:00,0.607694546713987
2019-02-06 15:00:00,0.696794832785882
2019-02-06 16:00:00,0.989329801826184
2019-02-06 17:00:00,0.806259975997647
2019-02-06 18:00:00,0.859651185180979
2019-02-06 19:00:00,1.06510827488322
2019-02-06 20:00:00,0.889598944500005
2019-02-06 21:00:00,0.820151082755635
2019-02-06 22:00:00,0.767846186494444
2019-02-06 23:00:00,0.693498185917913
2019-02-07,0.617490533978946
2019-02-07 01:00:00,0.583279931914756
2019-02-07 02:00:00,0.598892457611887
2019-02-07 03:00:00,0.480789721909335
2019-02-07 04:00:00,0.458167813898645
2019-02-07 05:00:00,0.466656387846689
2019-02-07 06:00:00,0.44975547453549
2019-02-07 07:00:00,0.467765748930086
2019-02-07 08:00:00,0.525371465485329
2019-02-07 09:00:00,0.688444978098712
2019-02-07 10:00:00,1.56892984050968
2019-02-07 11:00:00,0.797126297527372
2019-02-07 12:00:00,1.7685576823229
2019-02-07 13:00:00,1.57031721532429
2019-02-07 14:00:00,1.224046865983
2019-02-07 15:00:00,1.05870920520325
2019-02-07 16:00:00,1.19399566279584
2019-02-07 17:00:00,1.26304318659388
2019-02-07 18:00:00,1.88106662061863
2019-02-07 19:00:00,2.14556544109589
2019-02-07 20:00:00,2.14208946844536
2019-02-07 21:00:00,2.13799202150645
2019-02-07 22:00:00,2.30215283874372
2019-02-07 23:00:00,2.52804672238564
2019-02-08,1.33104987838678
2019-02-08 01:00:00,1.41829433982463
2019-02-08 02:00:00,1.41460177722394
2019-02-08 03:00:00,1.48709965512242
2019-02-08 04:00:00,1.56025306912756
2019-02-08 05:00:00,1.05126087182281
2019-02-08 06:00:00,0.995149883413476
2019-02-08 07:00:00,1.17814244019156
2019-02-08 08:00:00,1.31751873577903
2019-02-08 09:00:00,1.09359993853569
2019-02-08 10:00:00,1.04670286379194
2019-02-08 11:00:00,0.998746392152282
2019-02-08 12:00:00,1.06799032018024
2019-02-08 13:00:00,0.888941361784129
2019-02-08 14:00:00,0.836050572131442
2019-02-08 15:00:00,0.814035933525342
2019-02-08 16:00:00,0.834726942205869
2019-02-08 17:00:00,0.893439022409305
2019-02-08 18:00:00,1.13789542195738
2019-02-08 19:00:00,0.936384630300994
2019-02-08 20:00:00,0.557937900711173
2019-02-08 21:00:00,0.589277150595875
2019-02-08 22:00:00,0.55257201310784
2019-02-08 23:00:00,0.574875441352745
2019-02-09,0.609316270863382
2019-02-09 01:00:00,0.593539464011005
2019-02-09 02:00:00,0.554411152043989
2019-02-09 03:00:00,0.532899735564022
2019-02-09 04:00:00,0.566837435589809
2019-02-09 05:00:00,0.559761070750197
2019-02-09 06:00:00,0.567702710013133
2019-02-09 07:00:00,0.565939440703938
2019-02-09 08:00:00,0.589419612816229
2019-02-09 09:00:00,0.616002053959822
2019-02-09 10:00:00,0.619750451468666
2019-02-09 11:00:00,0.613684702119953
2019-02-09 12:00:00,0.619261102916597
2019-02-09 13:00:00,0.596857275559347
2019-02-09 14:00:00,0.517990796294243
2019-02-09 15:00:00,0.493210370684768
2019-02-09 16:00:00,0.452629214959707
2019-02-09 17:00:00,0.466039390399176
2019-02-09 18:00:00,0.490824931483555
2019-02-09 19:00:00,0.483455869394299
2019-02-09 20:00:00,0.455548617557601
2019-02-09 21:00:00,0.463701395009111
2019-02-09 22:00:00,0.435749071088892
2019-02-09 23:00:00,0.437281377779375
2019-02-10,0.434793126335856
2019-02-10 01:00:00,0.436393018755395
2019-02-10 02:00:00,0.415984425880318
2019-02-10 03:00:00,0.44015332267408
2019-02-10 04:00:00,0.453587396726018
2019-02-10 05:00:00,0.466640567816901
2019-02-10 06:00:00,0.476703699718559
2019-02-10 07:00:00,0.5007838978597
2019-02-10 08:00:00,0.508499025683653
2019-02-10 09:00:00,0.517281950387548
2019-02-10 10:00:00,0.549849372723169
2019-02-10 11:00:00,0.817217819086434
2019-02-10 12:00:00,0.971282065877021
2019-02-10 13:00:00,0.994600231776535
2019-02-10 14:00:00,1.36973081153202
2019-02-10 15:00:00,1.45258618793865
2019-02-10 16:00:00,1.34494623333231
2019-02-10 17:00:00,1.05269108807166
2019-02-11 07:00:00,1.56075095109448
2019-02-11 08:00:00,1.87848287734694
2019-02-11 09:00:00,1.7692123695469
2019-02-11 10:00:00,1.60330377496136
2019-02-11 11:00:00,1.89715307348313
2019-02-11 12:00:00,2.13178786960085
2019-02-11 13:00:00,2.46033438500807
2019-02-11 14:00:00,2.4443907809737
2019-02-11 15:00:00,2.96074131701042
2019-02-11 16:00:00,3.42850667844548
2019-02-11 17:00:00,3.55026182036258
2019-02-11 18:00:00,3.79456716764297
2019-02-11 19:00:00,4.73911689502724
2019-02-11 20:00:00,4.2135050461989
2019-02-11 21:00:00,4.25597121942853
2019-02-11 22:00:00,3.89786591410632
2019-02-11 23:00:00,3.47567101449105
2019-02-12,3.28516018705257
2019-02-12 01:00:00,3.20289159007064
2019-02-12 02:00:00,2.84411981192469
2019-02-12 03:00:00,2.43727050305963
2019-02-12 04:00:00,2.39170364109886
2019-02-12 05:00:00,2.07121724338008
2019-02-12 06:00:00,1.35137431570098
2019-02-12 07:00:00,0.895616781877028
2019-02-12 08:00:00,0.959453943656365
2019-02-12 09:00:00,1.08286662983325
2019-02-12 10:00:00,0.906809240723007
2019-02-12 11:00:00,1.09989640146775
2019-02-12 12:00:00,1.09893837821786
2019-02-12 13:00:00,1.21004337694313
2019-02-12 14:00:00,1.35809996304138
2019-02-12 15:00:00,1.70183788925484
2019-02-12 16:00:00,2.14773147216939
2019-02-12 17:00:00,1.68245217758873
2019-02-12 18:00:00,0.950492259218394
2019-02-12 19:00:00,0.896680861549518
2019-02-12 20:00:00,0.816151760028896
2019-02-12 21:00:00,0.783353008286551
2019-02-12 22:00:00,0.756062625132027
2019-02-12 23:00:00,0.790080841723313
2019-02-13,0.722233717509883
2019-02-13 01:00:00,0.680774644416172
2019-02-13 02:00:00,0.71153285291997
2019-02-13 03:00:00,0.748860983122701
2019-02-13 04:00:00,0.693049738131625
2019-02-13 05:00:00,0.81666333468325
2019-02-13 06:00:00,0.600297626715755
2019-02-13 07:00:00,0.742328093573871
2019-02-13 08:00:00,0.823140839484401
2019-02-13 09:00:00,0.804061464877433
2019-02-13 10:00:00,0.958547510575146
2019-02-13 11:00:00,1.11492198566178
2019-02-13 12:00:00,1.30929416967513
2019-02-13 13:00:00,1.38814136755679
2019-02-13 14:00:00,1.80335253670009
2019-02-13 15:00:00,1.9883306391105
2019-02-13 16:00:00,1.81471078967513
2019-02-13 17:00:00,1.39613181893804
2019-02-13 18:00:00,1.78640130481214
2019-02-13 19:00:00,1.78518078748447
2019-02-13 20:00:00,2.11157195769368
2019-02-13 21:00:00,2.24024906738205
2019-02-13 22:00:00,1.78808200889682
2019-02-13 23:00:00,1.84850119817694
2019-02-14,1.48727408994315
2019-02-14 01:00:00,1.42980454148845
2019-02-14 02:00:00,1.27448359988193
2019-02-14 03:00:00,1.98665791859942
2019-02-14 04:00:00,1.72770737398367
2019-02-14 05:00:00,1.57431740221622
2019-02-14 06:00:00,1.33119638933029
2019-02-14 07:00:00,1.49822583804338
2019-02-14 08:00:00,1.69297767097149
2019-02-14 09:00:00,1.37392450671149
2019-02-14 10:00:00,1.3509177780398
2019-02-14 11:00:00,1.45125255247306
2019-02-14 12:00:00,1.67500754981513
2019-02-14 13:00:00,1.5856589252251
2019-02-14 14:00:00,1.29234269235812
2019-02-14 15:00:00,0.800253706206819
2019-02-14 16:00:00,0.860649801116795
2019-02-14 17:00:00,0.811901074867829
2019-02-14 18:00:00,0.649789564120977
2019-02-14 19:00:00,0.751178243344298
2019-02-14 20:00:00,1.37239709482811
2019-02-14 21:00:00,2.0283433417828
2019-02-14 22:00:00,1.40308152322088
2019-02-14 23:00:00,1.28851971696079
2019-02-15,1.78329268725916
2019-02-15 01:00:00,1.7246702397494
2019-02-15 02:00:00,1.65712305878048
2019-02-15 03:00:00,1.61392770930955
2019-02-15 04:00:00,1.91621349945413
2019-02-15 05:00:00,1.45987728937007
2019-02-15 06:00:00,0.942627370575071
2019-02-15 07:00:00,1.74021025361075
2019-02-15 08:00:00,1.55300583944511
2019-02-15 09:00:00,1.38124419440849
2019-02-15 10:00:00,2.4011947927025
2019-02-15 11:00:00,2.87887821012199
2019-02-15 12:00:00,2.48602109990918
2019-02-15 13:00:00,3.24343843683058
2019-02-15 14:00:00,2.69564458590539
2019-02-15 15:00:00,2.3043111144238
2019-02-15 16:00:00,1.65547990917842
2019-02-15 17:00:00,1.6302870828718
2019-02-15 18:00:00,1.0440976494194
2019-02-15 19:00:00,1.38251571399594
2019-02-15 20:00:00,1.54491063364957
2019-02-15 21:00:00,1.23484915041252
2019-02-15 22:00:00,0.724771550748406
2019-02-15 23:00:00,0.80219498811508
2019-02-16,1.036505891729
2019-02-16 01:00:00,1.34034898333964
2019-02-16 02:00:00,0.938452599733386
2019-02-16 03:00:00,1.03443056939088
2019-02-16 04:00:00,0.905152791378248
2019-02-16 05:00:00,1.03864807350337
2019-02-16 06:00:00,0.858521271519571
2019-02-16 07:00:00,1.2562281983089
2019-02-16 08:00:00,0.961630110851747
2019-02-16 09:00:00,1.26226199726653
2019-02-16 10:00:00,1.23918115021945
2019-02-16 11:00:00,1.27424481305709
2019-02-16 12:00:00,1.58025678704525
2019-02-16 13:00:00,2.38957561952288
2019-02-16 14:00:00,0.860297920133511
2019-02-16 15:00:00,0.909440097218124
2019-02-16 16:00:00,1.12280494660326
2019-02-16 17:00:00,0.838511364582339
2019-02-16 18:00:00,0.950677556825369
2019-02-16 19:00:00,1.02293357970703
2019-02-16 20:00:00,1.54476309799709
2019-02-16 21:00:00,0.991427375631089
2019-02-16 22:00:00,1.58020378079446
2019-02-16 23:00:00,1.35015302071627
2019-02-17,0.624789908538458
2019-02-17 01:00:00,0.62641940806743
2019-02-17 02:00:00,0.676446430737329
2019-02-17 03:00:00,0.66051360269767
2019-02-17 04:00:00,0.649522392588345
2019-02-17 05:00:00,0.749258925384092
2019-02-17 06:00:00,0.740617598572112
2019-02-17 07:00:00,0.684425066085115
2019-02-17 08:00:00,0.581619200922139
2019-02-17 09:00:00,0.553905605578866
2019-02-17 10:00:00,0.558676026405603
2019-02-17 11:00:00,0.607163115550932
2019-02-17 12:00:00,0.653965613579215
2019-02-17 13:00:00,0.675595175228238
2019-02-17 14:00:00,0.75784782839269
2019-02-17 15:00:00,0.793022103773585
2019-02-17 16:00:00,0.798548116712669
2019-02-17 17:00:00,0.807667619188292
2019-02-17 18:00:00,0.81262680859654
2019-02-17 19:00:00,0.78626170805622
2019-02-17 20:00:00,0.684739520935116
2019-02-17 21:00:00,0.628669405293756
2019-02-17 22:00:00,0.591835412536318
2019-02-17 23:00:00,0.589023238159211
2019-02-18,0.580553211690892
2019-02-18 01:00:00,0.531011822739927
2019-02-18 02:00:00,0.411004516405888
2019-02-18 03:00:00,0.408422139729681
2019-02-18 04:00:00,0.406408314346235
2019-02-18 05:00:00,0.41736177178173
2019-02-18 06:00:00,0.370832811995846
2019-02-18 07:00:00,0.413503024811563
2019-02-18 08:00:00,0.505105418262071
2019-02-18 09:00:00,0.542016587941387
2019-02-18 10:00:00,0.597895279866184
2019-02-18 11:00:00,0.560869950555343
2019-02-18 12:00:00,0.722613707400893
2019-02-18 13:00:00,0.78496587358442
2019-02-18 14:00:00,1.26283706746082
2019-02-18 15:00:00,1.01287760954573
2019-02-18 16:00:00,0.94037081238923
2019-02-18 17:00:00,0.997078548127538
2019-02-18 18:00:00,1.03237586578253
2019-02-18 19:00:00,1.07715298485887
2019-02-18 20:00:00,1.01265090716352
2019-02-18 21:00:00,1.29118554101205
2019-02-18 22:00:00,1.58237929316282
2019-02-18 23:00:00,1.18071010253408
2019-02-19,1.0992287232897
2019-02-19 01:00:00,1.33058964501376
2019-02-19 02:00:00,1.50681624048195
2019-02-19 03:00:00,1.70176481138695
2019-02-19 04:00:00,1.78198859758068
2019-02-19 05:00:00,2.16110516278211
2019-02-19 06:00:00,2.11661794084675
2019-02-19 07:00:00,2.60481378691918
2019-02-19 08:00:00,2.82075772657586
2019-02-19 09:00:00,2.83941777579345
2019-02-19 10:00:00,3.31333706334188
2019-02-19 11:00:00,2.19196471184789
2019-02-19 12:00:00,2.25294807221008
2019-02-19 13:00:00,1.78128610534215
2019-02-19 14:00:00,1.5781384670475
2019-02-19 15:00:00,1.53938494264037
2019-02-19 16:00:00,1.61336238375145
2019-02-19 17:00:00,1.62932037162904
2019-02-19 18:00:00,1.89901498391207
2019-02-19 19:00:00,2.01172088502914
2019-02-19 20:00:00,2.51448680499209
2019-02-19 21:00:00,2.73617052262998
2019-02-19 22:00:00,2.69862395057825
2019-02-19 23:00:00,2.0783128453813
2019-02-20,1.9689532373607
2019-02-20 01:00:00,2.0038049239523
2019-02-20 02:00:00,1.95805630312604
2019-02-20 03:00:00,1.81214502132183
2019-02-20 04:00:00,1.70894273523197
2019-02-20 05:00:00,1.59415305674076
2019-02-20 06:00:00,1.65764354389174
2019-02-20 07:00:00,2.57135033626666
2019-02-20 08:00:00,2.61000874116676
2019-02-20 09:00:00,2.45021740200167
2019-02-20 10:00:00,2.50304749925265
2019-02-20 11:00:00,2.69520855623274
2019-02-20 12:00:00,2.3667713274012
2019-02-20 13:00:00,2.06953036513802
2019-02-20 14:00:00,1.53825025610776
2019-02-20 15:00:00,1.10204917468519
2019-02-20 16:00:00,0.955578755988422
2019-02-20 17:00:00,1.53942638125383
2019-02-20 18:00:00,1.77057069402458
2019-02-20 19:00:00,1.7069418235163
2019-02-20 20:00:00,1.49545579139699
2019-02-20 21:00:00,1.66907793110759
2019-02-20 22:00:00,2.14472270980383
2019-02-20 23:00:00,2.3633874921113
2019-02-21,1.88167368138273
2019-02-21 01:00:00,1.99602513355196
2019-02-21 02:00:00,1.58229800378244
2019-02-21 03:00:00,1.71778524484753
2019-02-21 04:00:00,1.68139832863049
2019-02-21 05:00:00,1.40862780074226
2019-02-21 06:00:00,1.38655428933451
2019-02-21 07:00:00,1.24575856359844
2019-02-21 08:00:00,0.87817602371304
2019-02-21 09:00:00,0.594537187040179
2019-02-21 10:00:00,0.637967912577878
2019-02-21 11:00:00,0.701733099142665
2019-02-21 12:00:00,0.684276775074148
2019-02-21 13:00:00,0.642891991474129
2019-02-21 14:00:00,0.651801424279191
2019-02-21 15:00:00,0.673668562484951
2019-02-21 16:00:00,1.15497247580298
2019-02-21 17:00:00,1.24486224896378
2019-02-21 18:00:00,2.09586176891487
2019-02-21 19:00:00,1.72012775171271
2019-02-21 20:00:00,1.77360819210098
2019-02-21 21:00:00,2.10376467952378
2019-02-21 22:00:00,1.70144987615286
2019-02-21 23:00:00,1.48457695409105
2019-02-22,1.4117150731162
2019-02-22 01:00:00,1.54553789303341
2019-02-22 02:00:00,1.34685150759764
2019-02-22 03:00:00,1.31103335136561
2019-02-22 04:00:00,1.31843175569741
2019-02-22 05:00:00,1.27075730962567
2019-02-22 06:00:00,1.40348354299735
2019-02-22 07:00:00,1.66002919833027
2019-02-22 08:00:00,1.84686111028139
2019-02-22 09:00:00,2.0617801649706
2019-02-22 10:00:00,2.21575041505139
2019-02-22 11:00:00,2.5006729969475
2019-02-22 12:00:00,1.91091332283734
2019-02-22 13:00:00,2.19482350616178
2019-02-22 14:00:00,1.82993923530453
2019-02-22 15:00:00,1.95913001185224
2019-02-22 16:00:00,2.0547306947954
2019-02-22 17:00:00,2.22905625731908
2019-02-22 18:00:00,2.3800041003335
2019-02-22 19:00:00,3.13422851704175
2019-02-22 20:00:00,3.06288706136393
2019-02-22 21:00:00,3.39345113813328
2019-02-22 22:00:00,2.8393107627395
2019-02-22 23:00:00,3.16026804386702
2019-02-23,2.58720906400701
2019-02-23 01:00:00,2.93276186264062
2019-02-23 02:00:00,2.75977858775172
2019-02-23 03:00:00,3.00015184026275
2019-02-23 04:00:00,2.67407949094167
2019-02-23 05:00:00,2.33544337652869
2019-02-23 06:00:00,2.28082728704381
2019-02-23 07:00:00,2.40933459576511
2019-02-23 08:00:00,2.83960024732399
2019-02-23 09:00:00,2.15366277825367
2019-02-23 10:00:00,2.4798400737987
2019-02-23 11:00:00,2.16059538919602
2019-02-23 12:00:00,2.44890800125398
2019-02-23 13:00:00,1.09403288235087
2019-02-23 14:00:00,0.783764928494954
2019-02-23 15:00:00,1.60399506327689
2019-02-23 16:00:00,2.27342409892977
2019-02-23 17:00:00,2.55503298794307
2019-02-23 18:00:00,2.57081245439093
2019-02-23 19:00:00,2.52716973439037
2019-02-23 20:00:00,1.30206735507044
2019-02-23 21:00:00,0.692853997687623
2019-02-23 22:00:00,0.649269585786338
2019-02-23 23:00:00,0.621429638676262
2019-02-24,0.599733623694102
2019-02-24 01:00:00,0.569422842918848
2019-02-24 02:00:00,0.535573560709928
2019-02-24 03:00:00,0.510039861608027
2019-02-24 04:00:00,0.505851033326754
2019-02-24 05:00:00,0.503009763396624
2019-02-24 06:00:00,0.477076842516936
2019-02-24 07:00:00,0.44940230059319
2019-02-24 08:00:00,0.449431757744998
2019-02-24 09:00:00,0.456623665227993
2019-02-24 10:00:00,0.447826014065067
2019-02-24 11:00:00,0.473595597056288
2019-02-24 12:00:00,0.537933427101756
2019-02-24 13:00:00,0.566981114548864
2019-02-24 14:00:00,0.525296529917789
2019-02-24 15:00:00,0.547308924927151
2019-02-24 16:00:00,0.536620446497569
2019-02-24 17:00:00,0.538445623989709
2019-02-24 18:00:00,0.591195826778236
2019-02-24 19:00:00,0.587017570038918
2019-02-24 20:00:00,0.696049939434745
2019-02-24 21:00:00,0.535719367195
2019-02-24 22:00:00,0.419675747682369
2019-02-24 23:00:00,0.394333652496731
2019-02-25,0.394458500846671
2019-02-25 01:00:00,0.400419960432268
2019-02-25 02:00:00,0.395146753157675
2019-02-25 03:00:00,0.363751580311852
2019-02-25 04:00:00,0.334515717919101
2019-02-25 05:00:00,0.342087515865205
2019-02-25 06:00:00,0.330675947458539
2019-02-25 07:00:00,0.322775381175077
2019-02-25 08:00:00,0.36217904563603
2019-02-25 09:00:00,0.364762996330405
2019-02-25 10:00:00,0.381197186477603
2019-02-25 11:00:00,0.489191358466954
2019-02-25 12:00:00,0.422697705744954
2019-02-25 13:00:00,0.444850187117818
2019-02-25 14:00:00,0.414723534441546
2019-02-25 15:00:00,0.387333302271722
2019-02-25 16:00:00,0.408994841879176
2019-02-25 17:00:00,0.393213528597299
2019-02-25 18:00:00,0.36185025903871
2019-02-25 19:00:00,0.378889633894367
2019-02-25 20:00:00,0.385336008438834
2019-02-25 21:00:00,0.310487277503977
2019-02-25 22:00:00,0.30366735523304
2019-02-25 23:00:00,0.35986587844258
2019-02-26,0.423834246616645
2019-02-26 01:00:00,0.403344206507044
2019-02-26 02:00:00,0.382287975284986
2019-02-26 03:00:00,0.34482012073695
2019-02-26 04:00:00,0.348165032930373
2019-02-26 05:00:00,0.406465902518026
2019-02-26 06:00:00,0.345121852685751
2019-02-26 07:00:00,0.426464134078643
2019-02-26 08:00:00,0.467411579619397
2019-02-26 09:00:00,0.529628672290076
2019-02-26 10:00:00,0.546558384292593
2019-02-26 11:00:00,0.471073187128307
2019-02-26 12:00:00,0.544677736167431
2019-02-26 13:00:00,0.561960405013984
2019-02-26 14:00:00,0.502914329410368
2019-02-26 15:00:00,0.557844603791651
2019-02-26 16:00:00,0.594291426152814
2019-02-26 17:00:00,0.904522207698305
2019-02-26 18:00:00,1.52936769291405
2019-02-26 19:00:00,1.68050219961506
2019-02-26 20:00:00,0.966627882386364
2019-02-26 21:00:00,0.695547915377228
2019-02-26 22:00:00,0.569634667700136
2019-02-26 23:00:00,0.483457632188823
2019-02-27,0.592177167293209
2019-02-27 01:00:00,0.542120734328045
2019-03-01,1.49296095235056
2019-03-01 01:00:00,1.25377505921651
2019-03-01 02:00:00,1.42776502143576
2019-03-01 03:00:00,1.6642524993859
2019-03-01 04:00:00,1.46166464550983
2019-03-01 05:00:00,1.71655858560651
2019-03-01 06:00:00,1.96269979243834
2019-03-01 07:00:00,2.39762891571033
2019-03-01 08:00:00,3.34333473657975
2019-03-01 09:00:00,3.36082670366385
2019-03-01 10:00:00,3.17182885833453
2019-03-01 11:00:00,3.1041769380247
2019-03-01 12:00:00,3.34989932234642
2019-03-01 13:00:00,3.78468632025637
2019-03-01 14:00:00,3.91324913607009
2019-03-01 15:00:00,4.1526430645056
2019-03-01 16:00:00,3.45090164558852
2019-03-01 17:00:00,2.27319597140316
2019-03-01 18:00:00,0.598060914495921
2019-03-01 19:00:00,0.424230042966881
2019-03-01 20:00:00,0.376837110513103
2019-03-01 21:00:00,0.300954826387091
2019-03-01 22:00:00,0.369434842813549
2019-03-01 23:00:00,0.287556572458039
2019-03-02,0.230007075253297
2019-03-02 01:00:00,0.256492558013228
2019-03-02 02:00:00,0.236889505356828
2019-03-02 03:00:00,0.234089794740797
2019-03-02 04:00:00,0.224965936741218
2019-03-02 05:00:00,0.222035707313688
2019-03-02 06:00:00,0.188682542489567
2019-03-02 07:00:00,0.214509313563221
2019-03-02 08:00:00,0.250846271104295
2019-03-02 09:00:00,0.289010042499614
2019-03-02 10:00:00,0.304459907912814
2019-03-02 11:00:00,0.318357482254989
2019-03-02 12:00:00,0.343633988632756
2019-03-02 13:00:00,0.381139181961179
2019-03-02 14:00:00,0.383357305182433
2019-03-02 15:00:00,0.499368568911798
2019-03-02 16:00:00,0.630873915531324
2019-03-02 17:00:00,0.51976325167617
2019-03-02 18:00:00,0.568018254297237
2019-03-02 19:00:00,0.36252157042703
2019-03-02 20:00:00,0.606469211438297
2019-03-02 21:00:00,0.440019638541344
2019-03-02 22:00:00,0.419679354465952
2019-03-02 23:00:00,0.422955995626389
2019-03-03,0.407372426489341
2019-03-03 01:00:00,0.282196646162628
2019-03-03 02:00:00,0.293785985051617
2019-03-03 03:00:00,0.264114676673993
2019-03-03 04:00:00,0.230285808447954
2019-03-03 05:00:00,0.220215034287769
2019-03-03 06:00:00,0.245170424419277
2019-03-03 07:00:00,0.32694830461207
2019-03-03 08:00:00,0.334028089168764
2019-03-03 09:00:00,0.396275299680564
2019-03-03 10:00:00,0.372516728506015
2019-03-03 11:00:00,0.331261441753084
2019-03-03 12:00:00,0.339044476242315
2019-03-03 13:00:00,0.365269114754877
2019-03-03 14:00:00,0.422367932364696
2019-03-03 15:00:00,0.44827486449128
2019-03-03 16:00:00,0.525917025976134
2019-03-03 17:00:00,0.514636834865903
2019-03-03 18:00:00,1.09240238430475
2019-03-03 19:00:00,2.55998150313353
2019-03-03 20:00:00,2.93187437846581
2019-03-03 21:00:00,2.69576773592856
2019-03-03 22:00:00,1.90108498834769
2019-03-03 23:00:00,1.7226913044165
2019-03-04,1.75172495501479
2019-03-04 01:00:00,1.7126414427984
2019-03-04 02:00:00,1.79396386662264
2019-03-04 03:00:00,1.7899774000189
2019-03-04 04:00:00,1.70077897217324
2019-03-04 05:00:00,1.44926749194415
2019-03-04 06:00:00,1.41539049525121
2019-03-04 07:00:00,1.51028374698894
2019-03-04 08:00:00,2.20922791136015
2019-03-04 09:00:00,2.26594716153368
2019-03-04 10:00:00,1.77981456535389
2019-03-04 11:00:00,2.71655413460794
2019-03-10 10:00:00,3.00174254110946
2019-03-10 11:00:00,3.26657523522039
2019-03-10 12:00:00,2.80157975907472
2019-03-10 13:00:00,2.08196198027126
2019-03-10 14:00:00,1.78116264323609
2019-03-10 15:00:00,2.39663976941546
2019-03-10 16:00:00,2.16210969655794
2019-03-10 17:00:00,2.07281635559702
2019-03-10 18:00:00,1.41528457115951
2019-03-11 09:00:00,3.12524738106915
2019-03-11 10:00:00,3.00634242874959
2019-03-11 11:00:00,3.99333892909693
2019-03-11 12:00:00,2.79520710000257
2019-03-11 13:00:00,2.91583899113064
2019-03-11 14:00:00,1.80202512350876
2019-03-11 15:00:00,1.6986839150351
2019-03-11 16:00:00,1.42597829256968
2019-03-11 17:00:00,1.66601107749843
2019-03-11 18:00:00,2.09108443107045
2019-03-11 19:00:00,3.42919227418016
2019-03-11 20:00:00,2.95844980626737
2019-03-11 21:00:00,3.12261892866173
2019-03-11 22:00:00,3.52361377055745
2019-03-11 23:00:00,3.80617975257256
2019-03-12,3.2127431181976
2019-03-12 01:00:00,2.50940504744449
2019-03-12 02:00:00,2.53823845255223
2019-03-12 03:00:00,1.97056184377855
2019-03-12 04:00:00,2.43897474494104
2019-03-12 05:00:00,2.91316579197386
2019-03-12 06:00:00,2.39282590452546
2019-03-12 07:00:00,2.72232728650648
2019-03-12 08:00:00,3.17742460343389
2019-03-12 09:00:00,3.66148319850719
2019-03-12 10:00:00,3.26958772462679
2019-03-12 11:00:00,2.60531466854403
2019-03-12 12:00:00,3.47118636457013
2019-03-12 13:00:00,2.33460272781659
2019-03-12 14:00:00,2.66817480279021
2019-03-12 15:00:00,2.8689629295296
2019-03-12 16:00:00,3.6789648030059
2019-03-12 17:00:00,3.16132574957512
2019-03-12 18:00:00,2.76141209837883
2019-03-12 19:00:00,3.30228958360105
2019-03-12 20:00:00,2.84668335862301
2019-03-12 21:00:00,3.06339296680871
2019-03-12 22:00:00,2.74663455767778
2019-03-12 23:00:00,3.69348245669923
2019-03-13,2.23045228546241
2019-03-13 01:00:00,2.89628808643086
2019-03-13 02:00:00,3.59498374501594
2019-03-13 03:00:00,1.0701816609696
2019-03-13 04:00:00,1.06845091242242
2019-03-13 05:00:00,1.26228481277739
2019-03-13 06:00:00,3.6804041045828
2019-03-13 07:00:00,4.42538498615772
2019-03-13 08:00:00,6.39616937985673
2019-03-13 09:00:00,4.69149498998089
2019-03-13 10:00:00,3.65394494304933
2019-03-13 11:00:00,2.32480754751928
2019-03-13 12:00:00,1.99114694258823
2019-03-13 13:00:00,1.25469380187697
2019-03-13 14:00:00,1.31425709816587
2019-03-13 15:00:00,1.11329639652168
2019-03-13 16:00:00,1.49259308542401
2019-03-13 17:00:00,3.92213357427481
2019-03-14 12:00:00,0.798116335953934
2019-03-14 13:00:00,1.25784930959236
2019-03-14 14:00:00,1.34703463631195
2019-03-14 15:00:00,1.1528895277721
2019-03-14 16:00:00,1.0665072243185
2019-03-15 11:00:00,1.77051661218517
2019-03-15 12:00:00,2.70504261150661
2019-03-15 13:00:00,3.32679468741005
2019-03-15 14:00:00,1.47544262990636
2019-03-15 15:00:00,1.85561277111836
2019-03-15 16:00:00,1.21166265737755
2019-03-15 17:00:00,1.99639269377649
2019-03-15 18:00:00,1.4174128100665
2019-03-15 19:00:00,3.25621280192801
2019-03-15 20:00:00,3.60352353870313
2019-03-15 21:00:00,2.57681828320865
2019-03-15 22:00:00,2.02698895248335
2019-03-15 23:00:00,3.45658708759776
2019-03-16,2.99602343265555
2019-03-16 01:00:00,3.13945973350951
2019-03-16 02:00:00,2.68108042735591
2019-03-16 03:00:00,1.76935952776049
2019-03-16 04:00:00,1.8773136450489
2019-03-16 05:00:00,2.83483894928356
2019-03-16 06:00:00,2.2796063848739
2019-03-16 07:00:00,2.53858119945729
2019-03-16 08:00:00,2.50574839047214
2019-03-16 09:00:00,3.93288843011953
2019-03-16 10:00:00,2.79796922383933
2019-03-16 11:00:00,3.20929729565547
2019-03-16 12:00:00,2.26014203302572
2019-03-16 13:00:00,3.43037014139874
2019-03-16 14:00:00,2.62892160599676
2019-03-16 15:00:00,2.72437747675245
2019-03-16 16:00:00,2.51864057231652
2019-03-16 17:00:00,4.38967406486533
2019-03-16 18:00:00,3.14871314736019
2019-03-16 19:00:00,6.19198277068226
2019-03-18 09:00:00,3.87598654484187
2019-03-18 10:00:00,3.75371127047636
2019-03-18 11:00:00,3.86336681073061
2019-03-18 12:00:00,3.65132162058127
2019-03-18 13:00:00,2.72268727230151
2019-03-18 14:00:00,3.38614987829982
2019-03-18 15:00:00,3.11560770158905
2019-03-18 16:00:00,2.71265430555387
2019-03-18 17:00:00,3.15279316373303
2019-03-18 18:00:00,2.95442576918944
2019-03-18 19:00:00,2.71721765151241
2019-03-18 20:00:00,2.67569792000586
2019-03-18 21:00:00,2.27867472407971
2019-03-18 22:00:00,3.46723020413785
2019-03-18 23:00:00,3.6858910382729
2019-03-19,3.76086692104141
2019-03-19 01:00:00,2.93588295282541
2019-03-19 02:00:00,3.20212881150496
2019-03-19 03:00:00,3.61694719818453
2019-03-19 04:00:00,3.16792784377834
2019-03-19 05:00:00,2.90876187054214
2019-03-19 06:00:00,2.40852521622988
2019-03-19 07:00:00,2.95866389292303
2019-03-19 08:00:00,3.6101325460893
2019-03-19 09:00:00,4.61558242520102
2019-03-19 10:00:00,3.94762593789962
2019-03-19 11:00:00,2.57419761705052
2019-03-19 12:00:00,3.27306955410256
2019-03-19 13:00:00,3.48881583389007
2019-03-19 14:00:00,2.58956632219237
2019-03-19 15:00:00,2.72316176574219
2019-03-19 16:00:00,2.88170116522306
2019-03-19 17:00:00,3.60187332759332
2019-03-19 18:00:00,2.92985962603048
2019-03-19 19:00:00,3.93099455087752
2019-03-19 20:00:00,3.87217426182932
2019-03-19 21:00:00,4.59000651660443
2019-03-19 22:00:00,4.34790896230935
2019-03-19 23:00:00,4.34853728892667
2019-03-20,4.67603063521268
2019-03-20 01:00:00,4.16601283454962
2019-03-20 02:00:00,3.85889045057534
2019-03-20 03:00:00,3.94333393504025
2019-03-20 04:00:00,3.75519553655763
2019-03-20 05:00:00,3.97601188634264
2019-03-20 06:00:00,2.67694425072863
2019-03-20 07:00:00,3.49576273812395
2019-03-20 08:00:00,5.0600858398856
2019-03-20 09:00:00,5.30457824842337
2019-03-20 10:00:00,4.29844880348749
2019-03-20 11:00:00,3.00053015741534
2019-03-20 12:00:00,3.60933869583181
2019-03-20 13:00:00,3.36839161368559
2019-03-20 14:00:00,2.75619679490049
2019-03-20 15:00:00,2.97101037039675
2019-03-20 16:00:00,2.85720602565642
2019-03-20 17:00:00,3.43419706263718
2019-03-20 18:00:00,3.84672800686308
2019-03-20 19:00:00,5.85260007436867
2019-03-20 20:00:00,7.52509414140661
2019-03-20 21:00:00,5.18449760386453
2019-03-20 22:00:00,4.2127281206749
2019-03-20 23:00:00,4.80755049328559
2019-03-21,5.25839015751791
2019-03-21 01:00:00,4.61288789468284
2019-03-21 02:00:00,3.95606927181007
2019-03-21 03:00:00,4.21094196003107
2019-03-21 04:00:00,4.30490896587832
2019-03-21 05:00:00,3.81781682962697
2019-03-21 06:00:00,2.74741682563041
2019-03-21 07:00:00,3.56630701450935
2019-03-21 08:00:00,4.31048979093743
2019-03-21 09:00:00,6.6357729167394
2019-03-21 10:00:00,3.80800800809717
2019-03-21 11:00:00,3.41824634837218
2019-03-21 12:00:00,2.63163401987162
2019-03-21 13:00:00,2.60177008155305
2019-03-21 14:00:00,2.69248331429763
2019-03-21 15:00:00,3.70576795900266
2019-03-21 16:00:00,3.70560686002722
2019-03-21 17:00:00,3.61137717711378
2019-03-21 18:00:00,3.79038625075311
2019-03-21 19:00:00,4.97236809323307
2019-03-21 20:00:00,2.73870144195231
2019-03-21 21:00:00,3.42528998241801
2019-03-21 22:00:00,4.95123781775583
2019-03-21 23:00:00,4.55587499234698
2019-03-22,4.98975807819846
2019-03-22 01:00:00,4.98009052028237
2019-03-22 02:00:00,4.76316210542683
2019-03-22 03:00:00,4.66472743295941
2019-03-22 04:00:00,4.24203635081784
2019-03-22 05:00:00,4.02623833089121
2019-03-22 06:00:00,3.74134498622086
2019-03-22 07:00:00,4.64439078653337
2019-03-22 08:00:00,5.46935950913082
2019-03-22 09:00:00,8.31971280872062
2019-03-23,1.58929760104506
2019-03-23 01:00:00,1.5487972272359
2019-03-23 02:00:00,1.56627798357403
2019-03-23 03:00:00,2.1695792698945
2019-03-23 04:00:00,2.74538274905456
2019-03-23 05:00:00,2.26437139480032
2019-03-23 06:00:00,2.75750092870781
2019-03-23 07:00:00,2.01804806817015
2019-03-23 08:00:00,2.83060199312908
2019-03-23 09:00:00,5.34686804787573
2019-03-23 10:00:00,5.21443218568943
2019-03-23 11:00:00,3.15509830915947
2019-03-23 12:00:00,3.91049522235986
2019-03-23 13:00:00,4.8772414672978
2019-03-23 14:00:00,3.50702734105091
2019-03-23 15:00:00,2.72529457606187
2019-03-23 16:00:00,2.4883766250608
2019-03-23 17:00:00,2.5366051289398
2019-03-23 18:00:00,2.15214819231779
2019-03-23 19:00:00,6.3426595926672
2019-03-23 20:00:00,4.1438372483949
2019-03-23 21:00:00,1.45434881120249
2019-03-23 22:00:00,3.45330998890684
2019-03-23 23:00:00,3.28520285446954
2019-03-24,2.88244607092881
2019-03-24 01:00:00,2.84447251420507
2019-03-24 02:00:00,2.55991091160673
2019-03-24 03:00:00,3.06707112557463
2019-03-24 04:00:00,2.20143862412228
2019-03-24 05:00:00,2.17113011004487
2019-03-24 06:00:00,2.12406736753027
2019-03-24 07:00:00,1.6180913190967
2019-03-24 08:00:00,2.73630274365041
2019-03-24 09:00:00,4.22007779374272
2019-03-24 10:00:00,3.60321681953234
2019-03-24 11:00:00,2.04022653017914
2019-03-24 12:00:00,2.27356621678065
2019-03-24 13:00:00,2.29966832720051
2019-03-24 14:00:00,3.09502416545117
2019-03-24 15:00:00,2.11668545656319
2019-03-24 16:00:00,0.88836463298457
2019-03-25 16:00:00,0.652582875518894
2019-03-25 17:00:00,0.998098462060115
2019-03-25 18:00:00,1.33825134916341
2019-03-25 19:00:00,2.41664534572663
2019-03-25 20:00:00,1.108337505709
2019-03-25 21:00:00,0.995401349507456
2019-03-25 22:00:00,1.28300012150094
2019-03-25 23:00:00,1.36176076372853
2019-03-26,1.9579903446669
2019-03-26 01:00:00,2.68854999137242
2019-03-26 02:00:00,2.66449569314638
2019-03-26 03:00:00,2.04991382425114
2019-03-26 04:00:00,1.80918169311764
2019-03-26 05:00:00,2.88221129263713
2019-03-26 06:00:00,3.19575324064285
2019-03-26 07:00:00,1.93760883213524
2019-03-26 08:00:00,3.33152547872807
2019-03-26 09:00:00,2.64238140465875
2019-03-26 10:00:00,3.10882195690052
2019-03-26 11:00:00,3.83801772761724
2019-03-26 12:00:00,2.0482194397611
2019-03-26 13:00:00,1.56433042552944
2019-03-26 14:00:00,1.4725979021138
2019-03-26 15:00:00,1.28441521111577
2019-03-26 16:00:00,1.48225748312778
2019-03-26 17:00:00,1.32981998480921
2019-03-26 18:00:00,2.77391830904054
2019-03-26 19:00:00,3.89446914756058
2019-03-26 20:00:00,2.70163240130107
2019-03-26 21:00:00,2.22660383161361
2019-03-26 22:00:00,1.74108249809055
2019-03-26 23:00:00,1.09648895996559
2019-03-27,0.833596943553189
2019-03-27 01:00:00,0.857253987455601
2019-03-27 02:00:00,0.828748866100944
2019-03-27 03:00:00,0.784659194345405
2019-03-27 04:00:00,0.852744077864257
2019-03-27 05:00:00,1.48705285412819
2019-03-27 06:00:00,2.37061232839353
2019-03-27 07:00:00,2.55472062974548
2019-03-27 08:00:00,3.65065975192698
2019-03-27 09:00:00,3.02481389068025
2019-03-27 10:00:00,3.75646087247084
2019-03-27 11:00:00,1.87716473662409
2019-03-27 12:00:00,2.17369654501672
2019-03-27 13:00:00,2.20854439905062
2019-03-27 14:00:00,2.36962827347318
2019-03-27 15:00:00,3.06846999754087
2019-03-27 16:00:00,1.79342900034062
2019-03-27 17:00:00,0.794905628016673
2019-03-27 18:00:00,0.586162892761216
2019-03-27 19:00:00,0.648903254453314
2019-03-27 20:00:00,0.669060556362667
2019-03-27 21:00:00,0.587620429805656
2019-03-27 22:00:00,1.41164378434108
2019-03-27 23:00:00,0.984509480293693
2019-03-28,0.362987400109922
